<?xml version="1.0" encoding="UTF-8"?>
<Configuration status="error" strict="true">
<!--
	<Appenders>
		<RollingFile name="rollingFile"
			fileName="C:/Users/UserName/.openpgpstudio/logs/openpgpstudio.log"
			filePattern="C:/Users/UserName/.openpgpstudio/logs/openpgpstudio-%i.log.zip"
			ignoreExceptions="false">
			<PatternLayout>
				<Pattern>%d{yyyy-MM-dd HH:mm:ss a} %-5p %m%n</Pattern>
			</PatternLayout>
			<Policies>
				<SizeBasedTriggeringPolicy size="10MB" />
			</Policies>
			<DefaultRolloverStrategy max="5" />
		</RollingFile>
	</Appenders>
	-->
</Configuration>